CATEGORY,SALES_2018,SALES_2019,SALES_2020,SALES_2021,SALES_2022
Accessories,22436.45,43101.782,41749.934,60092.152,
Appliances,13453.505,25101.409,25923.145,42844.802,209.3
Art,6018.462,6273.074,5896.412,8834.872,95.972
Binders,42884.194,36852.649,50630.649,72800.737,244.504
Bookcases,18121.2296,40298.0405,26436.4465,29622.2909,401.9888
Chairs,76405.416,72570.689,82732.501,94465.987,2274.51
Copiers,10849.782,26179.45,49599.41,62899.388,
Envelopes,3793.198,4303.3,5001.33,3378.574,
Fasteners,661.328,519.536,985.822,821.01,36.584
Furnishings,13437.51,21463.676,27797.204,28818.866,187.908
Labels,2458.924,3338.932,2818.726,3797.28,72.45
Machines,61255.421,25983.089,58185.476,43814.645,
Paper,14424.736,15611.998,20618.002,27549.708,274.762
Phones,76056.562,69286.086,79021.514,105234.736,408.156
Storage,48218.954,46893.22,58883.274,68939.286,908.874
Supplies,14342.92,1991.384,14248.152,16046.394,44.688
Tables,45564.6015,39674.1875,60797.7555,60928.9875,
